feature_type,mode,start_layer,end_layer,best_epoch,train_auroc,train_auprc,train_log_loss,val_auroc,val_auprc,val_log_loss,test_auroc,test_auprc,test_log_loss
attn,single,2,2,60,1.0,1.0,0.0001398994322285045,1.0,1.0,0.0033575459819506423,1.0,0.9999999999999999,0.06552284994664823
attn,single,4,4,60,1.0,1.0,8.838716992613919e-05,1.0,1.0,0.038041018834507126,1.0,0.9999999999999999,0.005956053605655968
attn,single,5,5,60,1.0,1.0,6.413728943665322e-05,1.0,1.0,0.005481455787820706,1.0,0.9999999999999999,0.000216179429947128
attn,single,6,6,60,1.0,1.0,8.52068756889234e-05,1.0,1.0,0.009425159171310002,1.0,0.9999999999999999,0.00028947057545772987
attn,single,7,7,60,1.0,1.0,0.00012404408844385743,1.0,1.0,0.0035377423825803662,1.0,0.9999999999999999,0.00026645238987402003
attn,single,8,8,60,1.0,1.0,4.712118658948175e-05,1.0,1.0,0.000558185503320328,1.0,0.9999999999999999,0.0005373682047497786
attn,single,9,9,60,1.0,1.0,6.450840261201911e-05,1.0,1.0,0.00020718866054990863,1.0,0.9999999999999999,0.00014697359108384447
attn,single,10,10,60,1.0,1.0,6.788463543129043e-05,1.0,1.0,0.004887581503111867,1.0,0.9999999999999999,0.0009001107179176279
attn,single,11,11,60,1.0,1.0,7.884381446337718e-05,1.0,1.0,0.004967130941743594,1.0,0.9999999999999999,0.0004643478341556848
attn,single,12,12,60,1.0,1.0,3.348823137796793e-05,1.0,1.0,4.3498495691647426e-05,1.0,0.9999999999999999,5.029055733139436e-05
attn,single,13,13,60,1.0,1.0,4.971058004225762e-05,1.0,1.0,0.00023614326043264636,1.0,0.9999999999999999,0.0001762231504855644
attn,single,14,14,60,1.0,1.0,5.294462361715532e-05,1.0,1.0,0.0004337538790357436,1.0,0.9999999999999999,0.000294559488134959
attn,single,15,15,60,1.0,1.0,4.6346193288246994e-05,1.0,1.0,3.745400023621222e-05,1.0,0.9999999999999999,0.0001408029001131822
attn,single,16,16,60,1.0,1.0,5.316097628082677e-05,1.0,1.0,0.0007778946107896706,1.0,0.9999999999999999,0.0018287248472306844
attn,single,17,17,60,1.0,1.0,5.5550350435609786e-05,1.0,1.0,0.0006944320753261508,1.0,0.9999999999999999,0.006954915172424871
attn,single,18,18,60,1.0,1.0,5.753794481159422e-05,1.0,1.0,0.0006998078481511775,1.0,0.9999999999999999,0.000893768943843841
attn,single,19,19,60,1.0,1.0,3.987212348765598e-05,1.0,1.0,0.0008237552320530751,1.0,0.9999999999999999,0.00010406719544966889
attn,single,20,20,60,1.0,1.0,5.041525295660152e-05,1.0,1.0,0.0003007112905114062,1.0,0.9999999999999999,0.00026895779561640973
attn,single,21,21,60,1.0,1.0,6.20395717142243e-05,1.0,1.0,0.0022199340987359042,1.0,0.9999999999999999,0.00030633958124534025
attn,single,22,22,60,1.0,1.0,3.873980633471959e-05,1.0,1.0,0.0003383023676259959,1.0,0.9999999999999999,0.00045173118639350954
attn,single,23,23,60,1.0,1.0,0.00011421782107889103,1.0,1.0,0.0020984673810166884,1.0,0.9999999999999999,0.0014104327055419572
attn,single,24,24,50,1.0,1.0,0.00032162468772348613,1.0,1.0,0.006683288801158232,1.0,0.9999999999999999,0.002380009316036979
attn,single,25,25,60,1.0,1.0,0.00014449419512896068,1.0,1.0,0.011612423400410939,1.0,0.9999999999999999,0.013090988490711284
attn,single,26,26,55,1.0,1.0,0.00038309039822794367,1.0,1.0,0.025182200602031142,1.0,0.9999999999999999,0.044590991889733256
attn,single,27,27,60,1.0,1.0,0.00014520064914368014,1.0,1.0,0.004478446256484573,1.0,0.9999999999999999,0.005302380977944095
attn,single,28,28,60,1.0,1.0,0.0003074581740100397,1.0,1.0,0.004530928609781862,0.999972442680776,0.9999759290630739,0.008548995963186467
attn,single,29,29,25,1.0,1.0,0.0014383516354069576,1.0,1.0,0.039783283310433806,0.9986496913580247,0.9987834548908432,0.05014117846421758
attn,single,30,30,60,1.0,1.0,0.0003680128227207194,1.0,1.0,0.006609194116854879,0.999972442680776,0.9999760536398467,0.0080778672212604
attn,single,31,31,45,1.0,1.0,0.0007118437351166685,1.0,1.0,0.00979640748180471,0.9999862213403881,0.9999879853902344,0.02369655301215187
attn,single,32,32,45,1.0,1.0,0.0005404420589694938,1.0,1.0,0.01637483791352346,1.0,0.9999999999999999,0.003686036551902429
attn,single,34,34,20,1.0,1.0,0.0017362247754145223,1.0,1.0,0.04715474603536048,0.9999035493827161,0.9999157711288541,0.028900223238013632
attn,single,35,35,60,1.0,1.0,0.00034846233704454826,1.0,1.0,0.00731758807155466,0.999944885361552,0.9999516900906642,0.010170339495396247
attn,consecutive3,0,2,60,1.0,1.0,3.7337165600744955e-05,1.0,1.0,0.02416829959711487,1.0,0.9999999999999999,0.09454161479964553
attn,consecutive3,1,3,60,1.0,1.0,1.9803925683066495e-05,1.0,1.0,0.018434994333958933,1.0,0.9999999999999999,0.0007110860038997795
attn,consecutive3,4,6,60,1.0,1.0,1.2335238716514903e-05,1.0,1.0,0.020563373887299893,1.0,0.9999999999999999,1.4247815055894885e-05
attn,consecutive3,5,7,60,1.0,1.0,6.7174076621245785e-06,1.0,1.0,0.0020988846975396615,1.0,0.9999999999999999,1.1577794246169357e-05
attn,consecutive3,6,8,60,1.0,1.0,3.4570327362379877e-06,1.0,1.0,0.0005714314873255499,1.0,0.9999999999999999,8.605306540660024e-06
attn,consecutive3,7,9,60,1.0,1.0,5.0807780681730245e-06,1.0,1.0,5.993702140254221e-05,1.0,0.9999999999999999,4.42597981456135e-06
attn,consecutive3,8,10,60,1.0,1.0,3.883899861656816e-06,1.0,1.0,9.571142809093853e-05,1.0,0.9999999999999999,7.672201015709122e-05
attn,consecutive3,9,11,60,1.0,1.0,5.267105474531167e-06,1.0,1.0,0.00012825587783847972,1.0,0.9999999999999999,2.4985859457587593e-05
attn,consecutive3,10,12,60,1.0,1.0,4.1526786675251925e-06,1.0,1.0,1.3653339590675387e-05,1.0,0.9999999999999999,1.9535848571217717e-05
attn,consecutive3,11,13,60,1.0,1.0,3.9568394511598775e-06,1.0,1.0,1.287006161848869e-06,1.0,0.9999999999999999,3.7159863725992853e-06
attn,consecutive3,12,14,60,1.0,1.0,3.4852407607787864e-06,1.0,1.0,1.493059185134553e-06,1.0,0.9999999999999999,5.020091191198137e-06
attn,consecutive3,13,15,60,1.0,1.0,6.980743683137177e-06,1.0,1.0,7.913712813513068e-06,1.0,0.9999999999999999,2.464712271466354e-05
attn,consecutive3,14,16,60,1.0,1.0,5.376640908738738e-06,1.0,1.0,6.320925826198302e-05,1.0,0.9999999999999999,5.582106034726664e-05
attn,consecutive3,15,17,60,1.0,1.0,7.061256174106481e-06,1.0,1.0,0.0001578800531418769,1.0,0.9999999999999999,0.0001339284273371026
attn,consecutive3,16,18,60,1.0,1.0,6.695056522901437e-06,1.0,1.0,0.0001849552629986599,1.0,0.9999999999999999,0.0002816914038757779
attn,consecutive3,17,19,60,1.0,1.0,6.002119343379954e-06,1.0,1.0,0.00038492431872134964,1.0,0.9999999999999999,6.179915426882131e-06
attn,consecutive3,18,20,60,1.0,1.0,5.088772144505756e-06,1.0,1.0,0.0009562173484170475,1.0,0.9999999999999999,2.4272835267829163e-05
attn,consecutive3,19,21,60,1.0,1.0,5.278857766151925e-06,1.0,1.0,0.0015150646741436203,1.0,0.9999999999999999,7.213345084087659e-05
attn,consecutive3,20,22,60,1.0,1.0,5.910088865922891e-06,1.0,1.0,0.0004239722853483745,1.0,0.9999999999999999,0.00023374904952609457
attn,consecutive3,21,23,60,1.0,1.0,8.89004787129546e-06,1.0,1.0,0.000456814259524873,1.0,0.9999999999999999,0.0007390194480316044
attn,consecutive3,22,24,60,1.0,1.0,1.3989241920342357e-05,1.0,1.0,0.00018577055000659415,1.0,0.9999999999999999,0.0003935860518625362
attn,consecutive3,23,25,60,1.0,1.0,3.3316765408466464e-05,1.0,1.0,0.003404711807712726,1.0,0.9999999999999999,0.0017707124281450667
attn,consecutive3,24,26,60,1.0,1.0,4.661046741712906e-05,1.0,1.0,0.002516572433223561,1.0,0.9999999999999999,0.002002411546323232
attn,consecutive3,25,27,60,1.0,1.0,2.8068640399702356e-05,1.0,1.0,0.0023549315070545604,1.0,0.9999999999999999,0.001118713175958689
attn,consecutive3,26,28,60,1.0,1.0,3.105388300267827e-05,1.0,1.0,0.0008834323422986806,1.0,0.9999999999999999,0.0007948204343465709
attn,consecutive3,27,29,60,1.0,1.0,4.452312462214268e-05,1.0,1.0,0.003157718677447267,1.0,0.9999999999999999,0.002413688322295323
attn,consecutive3,28,30,60,1.0,1.0,5.86998886036058e-05,1.0,1.0,0.0026796240979555536,1.0,0.9999999999999999,0.0025102105207112147
attn,consecutive3,29,31,60,1.0,1.0,7.054648450504813e-05,1.0,1.0,0.002014152587181636,0.9999862213403881,0.9999879853902344,0.005850225713474109
attn,consecutive3,30,32,45,1.0,1.0,0.00010678219674459708,1.0,1.0,0.003135329022438438,1.0,0.9999999999999999,0.0034440732024778394
attn,consecutive3,31,33,45,1.0,1.0,0.00011295413890820323,1.0,1.0,0.011899107136224123,1.0,0.9999999999999999,0.003541208563222821
attn,consecutive3,32,34,45,1.0,1.0,0.00012231244325098696,1.0,1.0,0.014212661450044106,1.0,0.9999999999999999,0.003414871251452321
attn,consecutive3,33,35,20,1.0,1.0,0.0003052025596461471,1.0,1.0,0.021394733109601625,1.0,0.9999999999999999,0.010119971309257415
ffn,single,5,5,60,1.0,1.0,0.0001223120609990695,1.0,1.0,0.04778553299543582,1.0,0.9999999999999999,0.00010752743157773842
ffn,single,6,6,60,1.0,1.0,0.00011584675934061422,1.0,1.0,0.020591774612185573,1.0,0.9999999999999999,0.0014391476730595838
ffn,single,7,7,60,1.0,1.0,0.00011672697710649143,1.0,1.0,0.0035076825602247913,1.0,0.9999999999999999,8.585297360121553e-05
ffn,single,8,8,60,1.0,1.0,5.126406232215561e-05,1.0,1.0,0.0032126764254897557,1.0,0.9999999999999999,7.647094299388018e-05
ffn,single,9,9,60,1.0,1.0,6.462242176030002e-05,1.0,1.0,0.0007158440107163688,1.0,0.9999999999999999,0.00016637328944969602
ffn,single,10,10,60,1.0,1.0,5.177705213908001e-05,1.0,1.0,0.00037782503073669523,1.0,0.9999999999999999,0.00046969207124664494
ffn,single,11,11,60,1.0,1.0,5.2087923990897505e-05,1.0,1.0,0.0009586389290280852,1.0,0.9999999999999999,0.00028383286256182766
ffn,single,12,12,60,1.0,1.0,4.401809088606338e-05,1.0,1.0,0.00023767730792725308,1.0,0.9999999999999999,0.00016061325846517804
ffn,single,13,13,60,1.0,1.0,4.541251162897866e-05,1.0,1.0,0.00045715939688450834,1.0,0.9999999999999999,0.0001352730910616775
ffn,single,14,14,60,1.0,1.0,4.8932407406530385e-05,1.0,1.0,0.00041151548383079877,1.0,0.9999999999999999,0.00027006786186739367
ffn,single,15,15,60,1.0,1.0,4.861935608688273e-05,1.0,1.0,0.00012971109810081994,1.0,0.9999999999999999,0.0006637151087937935
ffn,single,16,16,60,1.0,1.0,4.845511414952029e-05,1.0,1.0,0.00045460552480640565,1.0,0.9999999999999999,0.0003327781872521852
ffn,single,17,17,60,1.0,1.0,4.7633589247015855e-05,1.0,1.0,0.0003791054405776296,1.0,0.9999999999999999,0.0009525488417777125
ffn,single,18,18,60,1.0,1.0,4.520059929229761e-05,1.0,1.0,0.0002978519360603662,1.0,0.9999999999999999,0.00029454696294237197
ffn,single,19,19,60,1.0,1.0,4.8173696822586673e-05,1.0,1.0,0.0011586213027178288,1.0,0.9999999999999999,7.8459582660898e-05
ffn,single,20,20,60,1.0,1.0,6.195983492535111e-05,1.0,1.0,0.0009990429896600413,1.0,0.9999999999999999,0.00045083022689866776
ffn,single,21,21,60,1.0,1.0,5.835523482702667e-05,1.0,1.0,0.001826709016318489,1.0,0.9999999999999999,0.0007529256361631968
ffn,single,22,22,60,1.0,1.0,6.458115574056225e-05,1.0,1.0,0.0027323207302542606,1.0,0.9999999999999999,0.003301643923913677
ffn,single,23,23,60,1.0,1.0,7.35494095852019e-05,1.0,1.0,0.002052822515550685,1.0,0.9999999999999999,0.0005452035305421677
ffn,single,24,24,60,1.0,1.0,0.00010093149538630121,1.0,1.0,0.0009833533214099492,1.0,0.9999999999999999,0.000878189977772669
ffn,single,25,25,60,1.0,1.0,0.00011472159420638782,1.0,1.0,0.0018399389482894701,1.0,0.9999999999999999,0.0005218191768752716
ffn,single,26,26,60,1.0,1.0,0.00011325700079047588,1.0,1.0,0.003508187334487116,1.0,0.9999999999999999,0.0017285260303904378
ffn,single,27,27,60,1.0,1.0,0.00013083396341469542,1.0,1.0,0.0015683832418071264,1.0,0.9999999999999999,0.00034675497254924785
ffn,single,28,28,60,1.0,1.0,0.00014467826407162123,1.0,1.0,0.0029323585805060568,1.0,0.9999999999999999,0.0006257567624942142
ffn,single,29,29,60,1.0,1.0,0.00016805178500748592,1.0,1.0,0.002638645547154743,1.0,0.9999999999999999,0.0015177426523636439
ffn,single,30,30,60,1.0,1.0,0.0002249180915860437,1.0,1.0,0.002998170218307993,1.0,0.9999999999999999,0.0013892244371339088
ffn,single,31,31,60,1.0,1.0,0.0002312788987519188,1.0,1.0,0.007729665393021012,1.0,0.9999999999999999,0.0023716609397139168
ffn,single,32,32,60,1.0,1.0,0.00021372226371259358,1.0,1.0,0.008462903911680943,0.9999586640211641,0.9999638307278048,0.06328618169175679
ffn,single,33,33,60,1.0,1.0,0.00022832597253491058,1.0,1.0,0.003740624294987714,1.0,0.9999999999999999,0.0017513855607178338
ffn,single,34,34,60,1.0,1.0,0.0003520644332446145,1.0,1.0,0.015958322082426483,1.0,0.9999999999999999,0.011092879669890036
ffn,single,35,35,50,1.0,1.0,0.0009571340187675042,1.0,1.0,0.013633765752807846,0.9993524029982364,0.9994308863672506,0.035279892185130515
ffn,consecutive3,4,6,60,1.0,1.0,1.8061215697170623e-05,1.0,1.0,0.10388120397904976,1.0,0.9999999999999999,0.001488198215777069
ffn,consecutive3,5,7,60,1.0,1.0,2.2222707815629315e-05,1.0,1.0,0.031239116494213744,1.0,0.9999999999999999,0.00014593336537756867
ffn,consecutive3,6,8,60,1.0,1.0,1.228245773326809e-05,1.0,1.0,0.004316684622748098,1.0,0.9999999999999999,7.868174517700325e-05
ffn,consecutive3,7,9,60,1.0,1.0,8.182264798361141e-06,1.0,1.0,0.0014044814849850837,1.0,0.9999999999999999,3.338547985752549e-06
ffn,consecutive3,8,10,60,1.0,1.0,6.620541116688554e-06,1.0,1.0,0.00016807778054617206,1.0,0.9999999999999999,2.780418926267121e-06
ffn,consecutive3,9,11,60,1.0,1.0,5.892900079354697e-06,1.0,1.0,0.00024040298823049252,1.0,0.9999999999999999,1.3813847575885067e-05
ffn,consecutive3,10,12,60,1.0,1.0,6.997440536015506e-06,1.0,1.0,8.187495884158038e-05,1.0,0.9999999999999999,3.5042508659891694e-05
ffn,consecutive3,11,13,60,1.0,1.0,6.596001435526607e-06,1.0,1.0,0.00011483304437450344,1.0,0.9999999999999999,9.233313891095624e-06
ffn,consecutive3,12,14,60,1.0,1.0,4.192347716958338e-06,1.0,1.0,1.3737329597235683e-05,1.0,0.9999999999999999,1.5878831468366762e-05
ffn,consecutive3,13,15,60,1.0,1.0,7.350476244299307e-06,1.0,1.0,2.922846024674895e-05,1.0,0.9999999999999999,1.1303796442320137e-05
ffn,consecutive3,14,16,60,1.0,1.0,8.84505945396496e-06,1.0,1.0,6.898720712639073e-05,1.0,0.9999999999999999,1.8359357768664207e-05
ffn,consecutive3,15,17,60,1.0,1.0,6.6834787144658394e-06,1.0,1.0,0.00017226897795753242,1.0,0.9999999999999999,6.240694015872927e-05
ffn,consecutive3,16,18,60,1.0,1.0,6.7967537366251355e-06,1.0,1.0,0.00029666300397841706,1.0,0.9999999999999999,0.00041574232096059657
ffn,consecutive3,17,19,60,1.0,1.0,5.5626322863505305e-06,1.0,1.0,0.00043250425703860373,1.0,0.9999999999999999,1.3459128119327978e-05
ffn,consecutive3,18,20,60,1.0,1.0,5.133289391327043e-06,1.0,1.0,0.0004777972480412842,1.0,0.9999999999999999,5.934413107938984e-06
ffn,consecutive3,19,21,60,1.0,1.0,6.930913742339876e-06,1.0,1.0,0.001381132647720881,1.0,0.9999999999999999,1.5025632913606421e-05
ffn,consecutive3,20,22,60,1.0,1.0,1.023241464435413e-05,1.0,1.0,0.0007108572483271221,1.0,0.9999999999999999,5.434225189175772e-05
ffn,consecutive3,21,23,60,1.0,1.0,9.68982306246272e-06,1.0,1.0,0.0010714388693967246,1.0,0.9999999999999999,0.0001049196094559419
ffn,consecutive3,22,24,60,1.0,1.0,1.1261960403002654e-05,1.0,1.0,0.000949694588011338,1.0,0.9999999999999999,0.0001353542136369359
ffn,consecutive3,23,25,60,1.0,1.0,1.674463253382005e-05,1.0,1.0,0.0007116980148182546,1.0,0.9999999999999999,0.00012096419359259314
ffn,consecutive3,24,26,60,1.0,1.0,2.039740040320122e-05,1.0,1.0,0.0008971615111039179,1.0,0.9999999999999999,0.00011382513606137202
ffn,consecutive3,25,27,60,1.0,1.0,2.582119271167032e-05,1.0,1.0,0.0012862872159526296,1.0,0.9999999999999999,0.00012161542393742932
ffn,consecutive3,26,28,60,1.0,1.0,3.721596265643754e-05,1.0,1.0,0.0011631921124125534,1.0,0.9999999999999999,0.0003518839457907856
ffn,consecutive3,27,29,60,1.0,1.0,3.6947520021460636e-05,1.0,1.0,0.0012659698894323113,1.0,0.9999999999999999,0.00024147771052835244
ffn,consecutive3,28,30,60,1.0,1.0,5.317393035619447e-05,1.0,1.0,0.0011497785423733899,1.0,0.9999999999999999,0.0003802493044219493
ffn,consecutive3,29,31,60,1.0,1.0,4.130331072335306e-05,1.0,1.0,0.0038032354579624677,1.0,0.9999999999999999,0.000512540843067568
ffn,consecutive3,30,32,60,1.0,1.0,4.127263358973321e-05,1.0,1.0,0.003814079688193461,1.0,0.9999999999999999,0.0009339690641185633
ffn,consecutive3,31,33,60,1.0,1.0,4.593367837990011e-05,1.0,1.0,0.0034404719703446337,1.0,0.9999999999999999,0.0010482372044166334
ffn,consecutive3,32,34,60,1.0,1.0,5.063473738305053e-05,1.0,1.0,0.006699806069033229,1.0,0.9999999999999999,0.0007758370555097913
ffn,consecutive3,33,35,60,1.0,1.0,8.690404228264283e-05,1.0,1.0,0.006622530901432963,1.0,0.9999999999999999,0.0034806513748638405
attn,consecutive3,2,4,60,1.0,1.0,1.039385287316023e-05,0.9999853027630805,0.9999863331966653,0.04930039625238256,1.0,0.9999999999999999,0.000887031637303029
ffn,single,4,4,30,1.0,1.0,0.00034972830867602094,0.9999706055261611,0.9999727668845316,0.12097371747350637,1.0,0.9999999999999999,0.005263289125964976
attn,single,1,1,60,1.0,1.0,0.00027594428533068684,0.9999559082892416,0.9999590494634067,0.07693664432115575,0.9999448853615521,0.9999524353120243,0.0356010081302145
attn,single,33,33,40,1.0,1.0,0.0009607682930921518,0.9999559082892416,0.9999592999593,0.04466188117917827,0.9997657627865961,0.9997977942954259,0.032830614597549046
attn,consecutive3,3,5,60,1.0,1.0,8.386555382815603e-06,0.9999559082892416,0.9999592999593,0.04544956296295825,1.0,0.9999999999999999,2.2361180667918754e-05
attn,single,3,3,60,1.0,1.0,7.464524438062781e-05,0.9999412110523223,0.9999459313327926,0.03881754063078802,1.0,0.9999999999999999,0.00023602196386747343
ffn,consecutive3,3,5,60,1.0,1.0,3.0242003386377444e-05,0.9999265138154028,0.9999316648626068,0.08018231010446475,1.0,0.9999999999999999,0.00021697239854895963
ffn,consecutive3,1,3,60,1.0,1.0,5.9764164911076046e-05,0.9998971193415638,0.9999036660106259,0.012271163323869868,1.0,0.9999999999999999,0.0006125652838781784
ffn,single,3,3,50,1.0,1.0,0.0005405153652904,0.9994855967078189,0.9995282549752715,0.027594524141754145,1.0,0.9999999999999999,0.00020810842458195792
ffn,consecutive3,2,4,60,1.0,1.0,2.9656780328693218e-05,0.9994121105232217,0.9994518574657354,0.06108420736238609,1.0,0.9999999999999999,0.0037078667317571243
ffn,single,2,2,60,1.0,1.0,0.0003430554479254569,0.9992357436801882,0.9992944227518626,0.05185484633466145,1.0,0.9999999999999999,0.004767270495615827
ffn,consecutive3,0,2,60,1.0,1.0,7.447047058139824e-05,0.9988095238095238,0.9988716999521955,0.04650909650535432,1.0,0.9999999999999999,0.0014575358139881276
ffn,single,1,1,60,1.0,1.0,0.0008335441677333547,0.993694885361552,0.9940702993352839,0.21177293807769013,1.0,0.9999999999999999,0.007333949305962658
attn,single,0,0,60,1.0,1.0,0.00021434826445383906,0.9752645502645503,0.9810957305521727,0.7245037349753094,1.0,0.9999999999999999,0.08637583811583473
ffn,single,0,0,55,1.0,1.0,0.0008016223558095824,0.9464285714285714,0.9629960003530657,0.7733898692689309,1.0,0.9999999999999999,0.0077232308381415034
